Series Name,Series Code,Country Name,Country Code,2020 [YR2020],2021 [YR2021],2022 [YR2022]
"Death rate, crude (per 1,000 people)",SP.DYN.CDRT.IN,Caribbean small states,CSS,7.67845113024341,8.94012435154975,..
"Death rate, crude (per 1,000 people)",SP.DYN.CDRT.IN,Jamaica,JAM,7.583,8.797,..
"Death rate, crude (per 1,000 people)",SP.DYN.CDRT.IN,Trinidad and Tobago,TTO,7.9,9.131,..
"Death rate, crude (per 1,000 people)",SP.DYN.CDRT.IN,"Bahamas, The",BHS,8.076,8.986,..
"Fertility rate, total (births per woman)",SP.DYN.TFRT.IN,Caribbean small states,CSS,1.67128940694517,1.66452203748273,..
"Fertility rate, total (births per woman)",SP.DYN.TFRT.IN,Jamaica,JAM,1.358,1.352,..
"Fertility rate, total (births per woman)",SP.DYN.TFRT.IN,Trinidad and Tobago,TTO,1.631,1.626,..
"Fertility rate, total (births per woman)",SP.DYN.TFRT.IN,"Bahamas, The",BHS,1.394,1.389,..
"Immunization, HepB3 (% of one-year-old children)",SH.IMM.HEPB,Caribbean small states,CSS,88.5389334522415,88.5383594017073,92.1458487657411
"Immunization, HepB3 (% of one-year-old children)",SH.IMM.HEPB,Jamaica,JAM,95,89,98
"Immunization, HepB3 (% of one-year-old children)",SH.IMM.HEPB,Trinidad and Tobago,TTO,96,94,93
"Immunization, HepB3 (% of one-year-old children)",SH.IMM.HEPB,"Bahamas, The",BHS,83,86,87
"Incidence of HIV, all (per 1,000 uninfected population)",SH.HIV.INCD.TL.P3,Caribbean small states,CSS,0.49448787273121,0.502596848001501,..
"Incidence of HIV, all (per 1,000 uninfected population)",SH.HIV.INCD.TL.P3,Jamaica,JAM,0.51,0.5,..
"Incidence of HIV, all (per 1,000 uninfected population)",SH.HIV.INCD.TL.P3,Trinidad and Tobago,TTO,..,..,..
"Incidence of HIV, all (per 1,000 uninfected population)",SH.HIV.INCD.TL.P3,"Bahamas, The",BHS,0.25,0.24,..
"Mortality caused by road traffic injury (per 100,000 people)",SH.STA.TRAF.P5,Caribbean small states,CSS,..,..,..
"Mortality caused by road traffic injury (per 100,000 people)",SH.STA.TRAF.P5,Jamaica,JAM,..,..,..
"Mortality caused by road traffic injury (per 100,000 people)",SH.STA.TRAF.P5,Trinidad and Tobago,TTO,..,..,..
"Mortality caused by road traffic injury (per 100,000 people)",SH.STA.TRAF.P5,"Bahamas, The",BHS,..,..,..
Number of neonatal deaths,SH.DTH.NMRT,Caribbean small states,CSS,1166,1126,..
Number of neonatal deaths,SH.DTH.NMRT,Jamaica,JAM,356,342,..
Number of neonatal deaths,SH.DTH.NMRT,Trinidad and Tobago,TTO,193,184,..
Number of neonatal deaths,SH.DTH.NMRT,"Bahamas, The",BHS,34,33,..
,,,,,,
,,,,,,
,,,,,,
Data from database: Health Nutrition and Population Statistics,,,,,,
Last Updated: 12/20/2023,,,,,,
