Series Name,Series Code,Country Name,Country Code,2020 [YR2020],2021 [YR2021],2022 [YR2022]
"Death rate, crude (per 1,000 people)",SP.DYN.CDRT.IN,Caribbean small states,CSS,7.67845113024341,8.94012435154975,..
"Death rate, crude (per 1,000 people)",SP.DYN.CDRT.IN,Jamaica,JAM,7.583,8.797,..
"Death rate, crude (per 1,000 people)",SP.DYN.CDRT.IN,Trinidad and Tobago,TTO,7.9,9.131,..
"Death rate, crude (per 1,000 people)",SP.DYN.CDRT.IN,"Bahamas, The",BHS,8.076,8.986,..
"Fertility rate, total (births per woman)",SP.DYN.TFRT.IN,Caribbean small states,CSS,1.67128940694517,1.66452203748273,..
"Fertility rate, total (births per woman)",SP.DYN.TFRT.IN,Jamaica,JAM,1.358,1.352,..
"Fertility rate, total (births per woman)",SP.DYN.TFRT.IN,Trinidad and Tobago,TTO,1.631,1.626,..
"Fertility rate, total (births per woman)",SP.DYN.TFRT.IN,"Bahamas, The",BHS,1.394,1.389,..
"Immunization, HepB3 (% of one-year-old children)",SH.IMM.HEPB,Caribbean small states,CSS,88.5389334522415,88.5383594017073,92.1458487657411
"Immunization, HepB3 (% of one-year-old children)",SH.IMM.HEPB,Jamaica,JAM,95,89,98
"Immunization, HepB3 (% of one-year-old children)",SH.IMM.HEPB,Trinidad and Tobago,TTO,96,94,93
"Immunization, HepB3 (% of one-year-old children)",SH.IMM.HEPB,"Bahamas, The",BHS,83,86,87
"Incidence of HIV, all (per 1,000 uninfected population)",SH.HIV.INCD.TL.P3,Caribbean small states,CSS,0.49448787273121,0.502596848001501,..
"Incidence of HIV, all (per 1,000 uninfected population)",SH.HIV.INCD.TL.P3,Jamaica,JAM,0.51,0.5,..
"Incidence of HIV, all (per 1,000 uninfected population)",SH.HIV.INCD.TL.P3,Trinidad and Tobago,TTO,..,..,..
"Incidence of HIV, all (per 1,000 uninfected population)",SH.HIV.INCD.TL.P3,"Bahamas, The",BHS,0.25,0.24,..
"Mortality caused by road traffic injury (per 100,000 people)",SH.STA.TRAF.P5,Caribbean small states,CSS,..,..,..
"Mortality caused by road traffic injury (per 100,000 people)",SH.STA.TRAF.P5,Jamaica,JAM,..,..,..
"Mortality caused by road traffic injury (per 100,000 people)",SH.STA.TRAF.P5,Trinidad and Tobago,TTO,..,..,..
"Mortality caused by road traffic injury (per 100,000 people)",SH.STA.TRAF.P5,"Bahamas, The",BHS,..,..,..
Number of neonatal deaths,SH.DTH.NMRT,Caribbean small states,CSS,1166,1126,..
Number of neonatal deaths,SH.DTH.NMRT,Jamaica,JAM,356,342,..
Number of neonatal deaths,SH.DTH.NMRT,Trinidad and Tobago,TTO,193,184,..
Number of neonatal deaths,SH.DTH.NMRT,"Bahamas, The",BHS,34,33,..
,,,,,,
,,,,,,
,,,,,,
Data from database: Health Nutrition and Population Statistics,,,,,,
Last Updated: 12/20/2023,,,,,,
Code,License Type,Indicator Name,Short definition,Long definition,Source,Topic,Periodicity,Aggregation method,Statistical concept and methodology,Development relevance,Limitations and exceptions,General comments
SP.DYN.CDRT.IN,CC BY-4.0,"Death rate, crude (per 1,000 people)","Crude death rate indicates the number of deaths per 1,000 midyear population.","Crude death rate indicates the number of deaths occurring during the year, per 1,000 population estimated at midyear. Subtracting the crude death rate from the crude birth rate provides the rate of natural increase, which is equal to the rate of population change in the absence of migration.","(1) United Nations Population Division. World Population Prospects: 2022 Revision. (2) Census reports and other statistical publications from national statistical offices, (3) Eurostat: Demographic Statistics, (4) United Nations Statistical Division. Population and Vital Statistics Reprot (various years), (5) U.S. Census Bureau: International Database, and (6) Secretariat of the Pacific Community: Statistics and Demography Programme.",Health: Population: Dynamics,Annual,Weighted average,"The crude death rate is calculated as the number of deaths in a given period divided by the population exposed to risk of death in that period. For human populations the period is usually one year and, if the population changes in size over the year, the divisor is taken as the population at the mid-year. The rate is usually expressed in terms of 1,000 people: for example, a crude death rate of 9.5 (per 1000 people) in a population of 1 million would imply 9500 deaths per year in the entire population. Subtracting the crude death rate from the crude birth rate provides the rate of natural increase, which is equal to the rate of population change in the absence of migration.

Vital rates are based on data from birth and death registration systems, censuses, and sample surveys by national statistical offices and other organizations, or on demographic analysis. Data for the most recent year for some high-income countries are provisional estimates based on vital registers. The estimates for many countries are projections based on extrapolations of levels and trends from earlier years or interpolations of population estimates and projections from the United Nations Population Division.","The crude mortality rate is a good indicator of the general health status of a geographic area or population. The crude death rate is not appropriate for comparison of different populations or areas with large differences in age-distributions. Higher crude death rates can be found in some developed countries, despite high life expectancy, because typically these countries have a much higher proportion of older people, due to lower recent birth rates and lower age-specific mortality rates.","Vital registers are the preferred source for these data, but in many developing countries systems for registering births and deaths are absent or incomplete because of deficiencies in the coverage of events or geographic areas. Many developing countries carry out special household surveys that ask respondents about recent births and deaths. Estimates derived in this way are subject to sampling errors and recall errors.",
SP.DYN.TFRT.IN,CC BY-4.0,"Fertility rate, total (births per woman)",,Total fertility rate represents the number of children that would be born to a woman if she were to live to the end of her childbearing years and bear children in accordance with age-specific fertility rates of the specified year.,"(1) United Nations Population Division. World Population Prospects: 2022 Revision. (2) Census reports and other statistical publications from national statistical offices, (3) Eurostat: Demographic Statistics, (4) United Nations Statistical Division. Population and Vital Statistics Reprot (various years), (5) U.S. Census Bureau: International Database, and (6) Secretariat of the Pacific Community: Statistics and Demography Programme.",Health: Reproductive health,Annual,Weighted average,"Total fertility rates are based on data on registered live births from vital registration systems or, in the absence of such systems, from censuses or sample surveys. The estimated rates are generally considered reliable measures of fertility in the recent past. Where no empirical information on age-specific fertility rates is available, a model is used to estimate the share of births to adolescents. For countries without vital registration systems fertility rates are generally based on extrapolations from trends observed in censuses or surveys from earlier years.","Reproductive health is a state of physical and mental well-being in relation to the reproductive system and its functions and processes. Means of achieving reproductive health include education and services during pregnancy and childbirth, safe and effective contraception, and prevention and treatment of sexually transmitted diseases. Complications of pregnancy and childbirth are the leading cause of death and disability among women of reproductive age in developing countries.",Annual data series from United Nations Population Division's World Population Prospects are interpolated data from 5-year period data. Therefore they may not reflect real events as much as observed data.,Relevance to gender indicator: it can indicate the status of women within households and a woman�s decision about the number and spacing of children.
SH.IMM.HEPB,CC BY-4.0,"Immunization, HepB3 (% of one-year-old children)",,"Child immunization rate, hepatitis B is the percentage of children ages 12-23 months who received hepatitis B vaccinations before 12 months or at any time before the survey. A child is considered adequately immunized after three doses.",WHO and UNICEF (http://www.who.int/immunization/monitoring_surveillance/en/).,Health: Disease prevention,Annual,Weighted average,"Governments in developing countries usually finance immunization against measles and diphtheria, pertussis (whooping cough), and tetanus (DTP) as part of the basic public health package. The data shown here are based on an assessment of national immunization coverage rates by the WHO and UNICEF. The assessment considered both administrative data from service providers and household survey data on children's immunization histories. Based on the data available, consideration of potential biases, and contributions of local experts, the most likely true level of immunization coverage was determined for each year.

Notes on regional and global aggregates: When the vaccine is not introduced in a national immunization schedule, the missing value is assumed zero (or close to zero) in the relevant groups' averages.","Immunization is one of the most cost-effective public health interventions, and ??is an essential component for reducing under-five mortality. Immunization coverage estimates are used to monitor coverage of immunization services and to guide disease eradication and elimination efforts.",In many developing countries a lack of precise information on the size of the cohort of one-year-old children makes immunization coverage difficult to estimate from program statistics.,
SH.HIV.INCD.TL.P3,CC BY-4.0,"Incidence of HIV, all (per 1,000 uninfected population)",,"Number of new HIV infections among uninfected populations expressed per 1,000 uninfected population in the year before the period.",UNAIDS estimates.,Health: Risk factors,Annual,Weighted average,"Data on incidence of HIV are from the Joint United Nations Programme on HIV/AIDS. Because of challenges in collecting direct measures of HIV incidence, modelled estimates are used (the Spectrum software). The models incorporate data on HIV prevalence from surveys of the general population, antenatal clinic attendees, and populations at increased risk of contracting HIV (such as sex workers, men who have sex with men, and people who inject drugs) and on the number of people receiving antiretroviral therapy, which will increase the prevalence of HIV because people living with HIV now survive longer. In countries with high-quality health information systems the models are also informed by case reporting and vital registration data.","Despite the existence of effective medications and treatment, HIV/AIDS is still a leading cause of death and public health threat in the world.  Low and middle income countries continue to bear a disproportionate share of the global burden of HIV/AIDS. The incidence rate provides a measure of progress toward preventing onward transmission of HIV. Also, the identification of newly infected persons will allow for interventions to reduce the risk of HIV transmission.",,This is the Sustainable Development Goal indicator 3.3.1 [https://unstats.un.org/sdgs/metadata/].
SH.STA.TRAF.P5,CC BY-4.0,"Mortality caused by road traffic injury (per 100,000 population)",,"Mortality caused by road traffic injury is estimated road traffic fatal injury deaths per 100,000 population.","World Health Organization, Global Health Observatory Data Repository (http://apps.who.int/ghodata/).",Health: Mortality,Annual,Weighted average,,Road traffic injuries and deaths is a major global public health problem. Road traffic crashes are currently the leading cause of death for children and young adults in the world.  There is a strong association between the risk of road traffic death and the income level of countries.  The burden of road traffic deaths is disproportionately high among low- and middle-income countries.,,This is the Sustainable Development Goal indicator 3.6.1 [https://unstats.un.org/sdgs/metadata/].
SH.DTH.NMRT,CC BY-4.0,Number of neonatal deaths,,Number of neonates dying before reaching 28 days of age.,"Estimates developed by the UN Inter-agency Group for Child Mortality Estimation (UNICEF, WHO, World Bank, UN DESA Population Division) at www.childmortality.org.",Health: Mortality,Annual,Sum,,,"Complete vital registration systems are fairly uncommon in developing countries. Thus estimates must be obtained from sample surveys or derived by applying indirect estimation techniques to registration, census, or survey data. Survey data are subject to recall error, and surveys estimating infant/child deaths require large samples because households in which a birth has occurred during a given year cannot ordinarily be preselected for sampling. Indirect estimates rely on model life tables that may be inappropriate for the population concerned. Extrapolations based on outdated surveys may not be reliable for monitoring changes in health status or for comparative analytical work.","Aggregate data for LIC, UMC, LMC, HIC are computed based on the groupings for the World Bank fiscal year in which the data was released by the UN Inter-agency Group for Child Mortality Estimation.

This indicator is related to Sustainable Development Goal 3.2.2 [https://unstats.un.org/sdgs/metadata/]."
